img_name,label1,label2
img_0001.png,4,1
img_0002.png,4,1
img_0003.png,4,1
img_0004.png,4,1
img_0005.png,4,1
img_0006.png,4,1
img_0007.png,4,1
img_0008.png,4,1
img_0009.png,4,1
img_0010.png,4,1
img_0011.png,4,1
img_0012.png,4,1
img_0013.png,4,1
img_0014.png,4,1
img_0015.png,4,1
img_0016.png,4,1
img_0017.png,4,1
img_0018.png,4,1
img_0019.png,4,1
img_0020.png,4,1
img_0021.png,4,1
img_0022.png,4,1
img_0023.png,4,1
img_0024.png,4,1
img_0025.png,4,1
img_0026.png,4,1
img_0027.png,4,1
img_0028.png,4,1
img_0029.png,4,1
img_0030.png,4,1
img_0031.png,4,1
img_0032.png,4,1
img_0033.png,4,1
img_0034.png,4,1
img_0035.png,4,1
img_0036.png,4,1
img_0037.png,4,1
img_0038.png,4,1
img_0039.png,4,1
img_0040.png,4,1
img_0041.png,4,1
img_0042.png,4,1
img_0043.png,4,1
img_0044.png,4,1
img_0045.png,4,1
img_0046.png,4,1
img_0047.png,4,1
img_0048.png,4,1
img_0049.png,4,1
img_0050.png,4,1
img_0051.png,4,1
img_0052.png,4,1
img_0053.png,4,1
img_0054.png,4,1
img_0055.png,4,1
img_0056.png,4,1
img_0057.png,4,1
img_0058.png,4,1
img_0059.png,4,1
img_0060.png,4,1
img_0061.png,4,1
img_0062.png,4,1
img_0063.png,4,1
img_0064.png,4,1
img_0065.png,4,1
img_0066.png,4,1
img_0067.png,4,1
img_0068.png,4,1
img_0069.png,4,1
img_0070.png,4,1
img_0071.png,4,1
img_0072.png,4,1
img_0073.png,4,1
img_0074.png,4,1
img_0075.png,4,1
img_0076.png,4,1
img_0077.png,4,1
img_0078.png,4,1
img_0079.png,4,1
img_0080.png,4,1
img_0081.png,4,1
img_0082.png,4,1
img_0083.png,4,1
img_0084.png,4,1
img_0085.png,4,1
img_0086.png,4,1
img_0087.png,4,1
img_0088.png,4,1
img_0089.png,4,1
img_0090.png,4,1
img_0091.png,4,1
img_0092.png,4,1
img_0093.png,4,1
img_0094.png,4,1
img_0095.png,4,1
img_0096.png,4,1
img_0097.png,4,1
img_0098.png,4,1
img_0099.png,4,1
img_0100.png,4,1
img_0101.png,4,1
img_0102.png,4,1
img_0103.png,4,1
img_0104.png,4,1
img_0105.png,4,1
img_0106.png,4,1
img_0107.png,0,1
img_0108.png,0,1
img_0109.png,0,1
img_0110.png,0,1
img_0111.png,0,1
img_0112.png,0,1
img_0113.png,0,1
img_0114.png,0,1
img_0115.png,0,1
img_0116.png,0,1
img_0117.png,0,1
img_0118.png,0,1
img_0119.png,0,1
img_0120.png,0,1
img_0121.png,0,1
img_0122.png,0,1
img_0123.png,0,1
img_0124.png,0,1
img_0125.png,0,1
img_0126.png,0,1
img_0127.png,0,1
img_0128.png,0,1
img_0129.png,0,1
img_0130.png,0,1
img_0131.png,0,1
img_0132.png,0,1
img_0133.png,0,1
img_0134.png,0,1
img_0135.png,0,1
img_0136.png,0,1
img_0137.png,0,1
img_0138.png,0,1
img_0139.png,0,1
img_0140.png,0,1
img_0141.png,0,1
img_0142.png,0,1
img_0143.png,0,1
img_0144.png,0,1
img_0145.png,0,1
img_0146.png,0,1
img_0147.png,0,1
img_0148.png,0,1
img_0149.png,0,1
img_0150.png,0,1
img_0151.png,0,1
img_0152.png,0,1
img_0153.png,0,1
img_0154.png,0,1
img_0155.png,0,1
img_0156.png,0,1
img_0157.png,0,1
img_0158.png,0,1
img_0159.png,0,1
img_0160.png,0,1
img_0161.png,0,1
img_0162.png,0,1
img_0163.png,0,1
img_0164.png,0,1
img_0165.png,0,1
img_0166.png,0,1
img_0167.png,0,1
img_0168.png,0,1
img_0169.png,0,1
img_0170.png,0,1
img_0171.png,0,1
img_0172.png,0,1
img_0173.png,0,1
img_0174.png,0,1
img_0175.png,0,1
img_0176.png,0,1
img_0177.png,0,1
img_0178.png,0,1
img_0179.png,0,1
img_0180.png,0,1
img_0181.png,0,1
img_0182.png,0,1
img_0183.png,0,1
img_0184.png,0,1
img_0185.png,0,1
img_0186.png,0,1
img_0187.png,0,1
img_0188.png,0,1
img_0189.png,0,1
img_0190.png,0,1
img_0191.png,0,1
img_0192.png,0,1
img_0193.png,0,1
img_0194.png,0,1
img_0195.png,0,1
img_0196.png,0,1
img_0197.png,0,1
img_0198.png,0,1
img_0199.png,0,1
img_0200.png,0,1
img_0201.png,0,1
img_0202.png,0,1
img_0203.png,0,1
img_0204.png,0,1
img_0205.png,0,1
img_0206.png,0,1
img_0207.png,0,1
img_0208.png,0,1
img_0209.png,0,1
img_0210.png,0,1
img_0211.png,0,1
img_0212.png,0,1
img_0213.png,0,1
img_0214.png,0,1
img_0215.png,0,1
img_0216.png,0,1
img_0217.png,0,1
img_0218.png,0,1
img_0219.png,0,1
img_0220.png,0,1
img_0221.png,0,1
img_0222.png,0,1
img_0223.png,0,1
img_0224.png,0,1
img_0225.png,0,1
img_0226.png,0,1
img_0227.png,0,1
img_0228.png,0,1
img_0229.png,0,1
img_0230.png,0,1
img_0231.png,0,1
img_0232.png,0,1
img_0233.png,0,1
img_0234.png,0,1
img_0235.png,0,1
img_0236.png,0,1
img_0237.png,0,1
img_0238.png,0,1
img_0239.png,0,1
img_0240.png,0,1
img_0241.png,0,1
img_0242.png,0,1
img_0243.png,0,1
img_0244.png,0,1
img_0245.png,0,1
img_0246.png,0,1
img_0247.png,0,1
img_0248.png,0,1
img_0249.png,0,1
img_0250.png,0,1
img_0251.png,0,1
img_0252.png,0,1
img_0253.png,1,1
img_0254.png,1,1
img_0255.png,1,1
img_0256.png,1,1
img_0257.png,1,1
img_0258.png,1,1
img_0259.png,1,1
img_0260.png,1,1
img_0261.png,1,1
img_0262.png,1,1
img_0263.png,1,1
img_0264.png,1,1
img_0265.png,1,1
img_0266.png,1,1
img_0267.png,1,1
img_0268.png,1,1
img_0269.png,1,1
img_0270.png,1,1
img_0271.png,1,1
img_0272.png,1,1
img_0273.png,1,1
img_0274.png,1,1
img_0275.png,1,1
img_0276.png,1,1
img_0277.png,1,1
img_0278.png,1,1
img_0279.png,1,1
img_0280.png,1,1
img_0281.png,1,1
img_0282.png,1,1
img_0283.png,1,1
img_0284.png,1,1
img_0285.png,1,1
img_0286.png,1,1
img_0287.png,1,1
img_0288.png,1,1
img_0289.png,1,1
img_0290.png,1,1
img_0291.png,1,1
img_0292.png,1,1
img_0293.png,1,1
img_0294.png,1,1
img_0295.png,1,1
img_0296.png,1,1
img_0297.png,1,1
img_0298.png,1,1
img_0299.png,1,1
img_0300.png,1,1
img_0301.png,1,1
img_0302.png,1,1
img_0303.png,1,1
img_0304.png,1,1
img_0305.png,1,1
img_0306.png,1,1
img_0307.png,1,1
img_0308.png,1,1
img_0309.png,7,1
img_0310.png,7,1
img_0311.png,7,1
img_0312.png,7,1
img_0313.png,7,1
img_0314.png,7,1
img_0315.png,7,1
img_0316.png,7,1
img_0317.png,7,1
img_0318.png,7,1
img_0319.png,7,1
img_0320.png,7,1
img_0321.png,7,1
img_0322.png,7,1
img_0323.png,7,1
img_0324.png,7,1
img_0325.png,7,1
img_0326.png,7,1
img_0327.png,7,1
img_0328.png,7,1
img_0329.png,7,1
img_0330.png,7,1
img_0331.png,7,1
img_0332.png,7,1
img_0333.png,7,1
img_0334.png,7,1
img_0335.png,7,1
img_0336.png,7,1
img_0337.png,7,1
img_0338.png,7,1
img_0339.png,7,1
img_0340.png,7,1
img_0341.png,7,1
img_0342.png,5,1
img_0343.png,5,1
img_0344.png,5,1
img_0345.png,5,1
img_0346.png,5,1
img_0347.png,5,1
img_0348.png,5,1
img_0349.png,5,1
img_0350.png,5,1
img_0351.png,5,1
img_0352.png,5,1
img_0353.png,5,1
img_0354.png,5,1
img_0355.png,5,1
img_0356.png,5,1
img_0357.png,5,1
img_0358.png,5,1
img_0359.png,5,1
img_0360.png,5,1
img_0361.png,5,1
img_0362.png,5,1
img_0363.png,5,1
img_0364.png,5,1
img_0365.png,5,1
img_0366.png,5,1
img_0367.png,5,1
img_0368.png,5,1
img_0369.png,5,1
img_0370.png,5,1
img_0371.png,5,1
img_0372.png,5,1
img_0373.png,5,1
img_0374.png,5,1
img_0375.png,5,1
img_0376.png,5,1
img_0377.png,5,1
img_0378.png,5,1
img_0379.png,5,1
img_0380.png,5,1
img_0381.png,5,1
img_0382.png,5,1
img_0383.png,5,1
img_0384.png,5,1
img_0385.png,5,1
img_0386.png,5,1
img_0387.png,5,1
img_0388.png,5,1
img_0389.png,5,1
img_0390.png,5,1
img_0391.png,5,1
img_0392.png,5,1
img_0393.png,5,1
img_0394.png,5,1
img_0395.png,5,1
img_0396.png,5,1
img_0397.png,5,1
img_0398.png,5,1
img_0399.png,5,1
img_0400.png,5,1
img_0401.png,5,1
img_0402.png,5,1
img_0403.png,5,1
img_0404.png,5,1
img_0405.png,5,1
img_0406.png,5,1
img_0407.png,5,1
img_0408.png,5,1
img_0409.png,5,1
img_0410.png,5,1
img_0411.png,5,1
img_0412.png,5,1
img_0413.png,5,1
img_0414.png,5,1
img_0415.png,5,1
img_0416.png,5,1
img_0417.png,5,1
img_0418.png,5,1
img_0419.png,5,1
img_0420.png,5,1
img_0421.png,5,1
img_0422.png,0,1
img_0423.png,0,1
img_0424.png,0,1
img_0425.png,0,1
img_0426.png,0,1
img_0427.png,0,1
img_0428.png,0,1
img_0429.png,0,1
img_0430.png,0,1
img_0431.png,0,1
img_0432.png,0,1
img_0433.png,0,1
img_0434.png,0,1
img_0435.png,0,1
img_0436.png,0,1
img_0437.png,0,1
img_0438.png,0,1
img_0439.png,0,1
img_0440.png,0,1
img_0441.png,0,1
img_0442.png,0,1
img_0443.png,0,1
img_0444.png,0,1
img_0445.png,0,1
img_0446.png,0,1
img_0447.png,0,1
img_0448.png,0,1
img_0449.png,0,1
img_0450.png,0,1
img_0451.png,0,1
img_0452.png,0,1
img_0453.png,0,1
img_0454.png,0,1
img_0455.png,0,1
img_0456.png,0,1
img_0457.png,0,1
img_0458.png,0,1
img_0459.png,0,1
img_0460.png,0,1
img_0461.png,0,1
img_0462.png,0,1
img_0463.png,0,1
img_0464.png,0,1
img_0465.png,0,1
img_0466.png,0,1
img_0467.png,0,1
img_0468.png,0,1
img_0469.png,0,1
img_0470.png,0,1
img_0471.png,0,1
img_0472.png,0,1
img_0473.png,0,1
img_0474.png,0,1
img_0475.png,0,1
img_0476.png,0,1
img_0477.png,0,1
img_0478.png,0,1
img_0479.png,0,1
img_0480.png,0,1
img_0481.png,0,1
img_0482.png,0,1
img_0483.png,0,1
img_0484.png,0,1
img_0485.png,0,1
img_0486.png,0,1
img_0487.png,0,1
img_0488.png,0,1
img_0489.png,0,1
img_0490.png,0,1
img_0491.png,0,1
img_0492.png,0,1
img_0493.png,1,1
img_0494.png,1,1
img_0495.png,1,1
img_0496.png,1,1
img_0497.png,1,1
img_0498.png,1,1
img_0499.png,1,1
img_0500.png,1,1
img_0501.png,1,1
img_0502.png,1,1
img_0503.png,1,1
img_0504.png,1,1
img_0505.png,1,1
img_0506.png,1,1
img_0507.png,7,1
img_0508.png,7,1
img_0509.png,7,1
img_0510.png,7,1
img_0511.png,7,1
img_0512.png,7,1
img_0513.png,7,1
img_0514.png,7,1
img_0515.png,7,1
img_0516.png,7,1
img_0517.png,7,1
img_0518.png,7,1
img_0519.png,7,1
img_0520.png,7,1
img_0521.png,7,1
img_0522.png,7,1
img_0523.png,7,1
img_0524.png,7,1
img_0525.png,7,1
img_0526.png,7,1
img_0527.png,7,1
img_0528.png,7,1
img_0529.png,7,1
img_0530.png,7,1
img_0531.png,7,1
img_0532.png,5,1
img_0533.png,5,1
img_0534.png,5,1
img_0535.png,5,1
img_0536.png,5,1
img_0537.png,5,1
img_0538.png,5,1
img_0539.png,5,1
img_0540.png,5,1
img_0541.png,5,1
img_0542.png,5,1
img_0543.png,5,1
img_0544.png,5,1
img_0545.png,5,1
img_0546.png,5,1
img_0547.png,5,1
img_0548.png,5,1
img_0549.png,5,1
img_0550.png,5,1
img_0551.png,5,1
img_0552.png,5,1
img_0553.png,5,1
img_0554.png,5,1
img_0555.png,5,1
img_0556.png,5,1
img_0557.png,5,1
img_0558.png,5,1
img_0559.png,5,1
img_0560.png,5,1
img_0561.png,5,1
img_0562.png,5,1
img_0563.png,5,1
img_0564.png,5,1
img_0565.png,5,1
img_0566.png,5,1
img_0567.png,5,1
img_0568.png,5,1
img_0569.png,5,1
img_0570.png,5,1
img_0571.png,5,1
img_0572.png,5,1
img_0573.png,5,1
img_0574.png,5,1
img_0575.png,5,1
img_0576.png,5,1
img_0577.png,5,1
img_0578.png,5,1
img_0579.png,5,1
img_0580.png,5,1
img_0581.png,5,1
img_0582.png,5,1
img_0583.png,5,1
img_0584.png,5,1
img_0585.png,5,1
img_0586.png,5,1
img_0587.png,5,1
img_0588.png,5,1
img_0589.png,5,1
img_0590.png,5,1
img_0591.png,5,1
img_0592.png,5,1
img_0593.png,5,1
img_0594.png,5,1
img_0595.png,5,1
img_0596.png,5,1
img_0597.png,5,1
img_0598.png,5,1
img_0599.png,5,1
img_0600.png,5,1
img_0601.png,5,1
img_0602.png,5,1
img_0603.png,5,1
img_0604.png,5,1
img_0605.png,5,1
img_0606.png,5,1
img_0607.png,5,1
img_0608.png,5,1
img_0609.png,5,1
img_0610.png,5,1
img_0611.png,5,1
img_0612.png,5,1
img_0613.png,5,1
img_0614.png,5,1
img_0615.png,5,1
img_0616.png,5,1
img_0617.png,5,1
img_0618.png,5,1
img_0619.png,5,1
img_0620.png,5,1
img_0621.png,5,1
img_0622.png,5,1
img_0623.png,5,1
img_0624.png,5,1
img_0625.png,5,1
img_0626.png,5,1
img_0627.png,5,1
img_0628.png,5,1
img_0629.png,5,1
img_0630.png,5,1
img_0631.png,5,1
img_0632.png,5,1
img_0633.png,5,1
img_0634.png,5,1
img_0635.png,5,1
img_0636.png,5,1
img_0637.png,5,1
img_0638.png,5,1
img_0639.png,5,1
img_0640.png,5,1
img_0641.png,5,1
img_0642.png,5,1
img_0643.png,5,1
img_0644.png,5,1
img_0645.png,5,1
img_0646.png,5,1
img_0647.png,5,1
img_0648.png,5,1
img_0649.png,5,1
img_0650.png,5,1
img_0651.png,5,1
img_0652.png,5,1
img_0653.png,5,1
img_0654.png,5,1
img_0655.png,5,1
img_0656.png,5,1
img_0657.png,5,1
img_0658.png,5,1
img_0659.png,5,1
img_0660.png,5,1
img_0661.png,5,1
img_0662.png,5,1
img_0663.png,5,1
img_0664.png,5,1
img_0665.png,5,1
img_0666.png,5,1
img_0667.png,5,1
img_0668.png,5,1
img_0669.png,5,1
img_0670.png,5,1
img_0671.png,5,1
img_0672.png,5,1
img_0673.png,5,1
img_0674.png,5,1
img_0675.png,5,1
img_0676.png,5,1
img_0677.png,5,1
img_0678.png,5,1
img_0679.png,5,1
img_0680.png,5,1
img_0681.png,5,1
img_0682.png,5,1
img_0683.png,5,1
img_0684.png,5,1
img_0685.png,5,1
img_0686.png,5,1
img_0687.png,5,1
img_0688.png,5,1
img_0689.png,5,1
img_0690.png,5,1
img_0691.png,5,1
img_0692.png,5,1
img_0693.png,5,1
img_0694.png,5,1
img_0695.png,5,1
img_0696.png,5,1
img_0697.png,5,1
img_0698.png,5,1
img_0699.png,5,1
img_0700.png,5,1
img_0701.png,5,1
img_0702.png,5,1
img_0703.png,5,1
img_0704.png,5,1
img_0705.png,5,1
img_0706.png,5,1
img_0707.png,5,1
img_0708.png,5,1
img_0709.png,5,1
img_0710.png,5,1
img_0711.png,5,1
img_0712.png,5,1
img_0713.png,5,1
img_0714.png,5,1
img_0715.png,5,1
img_0716.png,5,1
img_0717.png,0,1
img_0718.png,0,1
img_0719.png,0,1
img_0720.png,0,1
img_0721.png,0,1
img_0722.png,0,1
img_0723.png,0,1
img_0724.png,0,1
img_0725.png,0,1
img_0726.png,0,1
img_0727.png,0,1
img_0728.png,0,1
img_0729.png,0,1
img_0730.png,0,1
img_0731.png,0,1
img_0732.png,0,1
img_0733.png,0,1
img_0734.png,0,1
img_0735.png,0,1
img_0736.png,0,1
img_0737.png,0,1
img_0738.png,0,1
img_0739.png,0,1
img_0740.png,0,1
img_0741.png,0,1
img_0742.png,0,1
img_0743.png,0,1
img_0744.png,0,1
img_0745.png,0,1
img_0746.png,0,1
img_0747.png,0,1
img_0748.png,0,1
img_0749.png,0,1
img_0750.png,0,1
img_0751.png,0,1
img_0752.png,0,1
img_0753.png,0,1
img_0754.png,0,1
img_0755.png,0,1
img_0756.png,0,1
img_0757.png,0,1
img_0758.png,0,1
img_0759.png,0,1
img_0760.png,0,1
img_0761.png,0,1
img_0762.png,0,1
img_0763.png,0,1
img_0764.png,0,1
img_0765.png,0,1
img_0766.png,0,1
img_0767.png,0,1
img_0768.png,0,1
img_0769.png,0,1
img_0770.png,0,1
img_0771.png,0,1
img_0772.png,0,1
img_0773.png,0,1
img_0774.png,0,1
img_0775.png,0,1
img_0776.png,0,1
img_0777.png,1,1
img_0778.png,1,1
img_0779.png,1,1
img_0780.png,1,1
img_0781.png,1,1
img_0782.png,1,1
img_0783.png,1,1
img_0784.png,1,1
img_0785.png,1,1
img_0786.png,1,1
img_0787.png,1,1
img_0788.png,1,1
img_0789.png,1,1
img_0790.png,1,1
img_0791.png,1,1
img_0792.png,1,1
img_0793.png,1,1
img_0794.png,1,1
img_0795.png,1,1
img_0796.png,1,1
img_0797.png,1,1
img_0798.png,1,1
img_0799.png,1,1
img_0800.png,1,1
img_0801.png,1,1
img_0802.png,1,1
img_0803.png,1,1
img_0804.png,1,1
img_0805.png,1,1
img_0806.png,1,1
img_0807.png,0,1
img_0808.png,0,1
img_0809.png,0,1
img_0810.png,0,1
img_0811.png,0,1
img_0812.png,0,1
img_0813.png,0,1
img_0814.png,0,1
img_0815.png,0,1
img_0816.png,0,1
img_0817.png,0,1
img_0818.png,0,1
img_0819.png,0,1
img_0820.png,0,1
img_0821.png,0,1
img_0822.png,0,1
img_0823.png,0,1
img_0824.png,0,1
img_0825.png,0,1
img_0826.png,0,1
img_0827.png,0,1
img_0828.png,0,1
img_0829.png,0,1
img_0830.png,0,1
img_0831.png,0,1
img_0832.png,0,1
img_0833.png,0,1
img_0834.png,0,1
img_0835.png,1,1
img_0836.png,1,1
img_0837.png,1,1
img_0838.png,1,1
img_0839.png,1,1
img_0840.png,1,1
img_0841.png,1,1
img_0842.png,1,1
img_0843.png,1,1
img_0844.png,1,1
img_0845.png,1,1
img_0846.png,1,1
img_0847.png,1,1
img_0848.png,1,1
img_0849.png,1,1
img_0850.png,1,1
img_0851.png,1,1
img_0852.png,1,1
img_0853.png,1,1
img_0854.png,1,1
img_0855.png,1,1
img_0856.png,1,1
img_0857.png,1,1
img_0858.png,1,1
img_0859.png,7,1
img_0860.png,7,1
img_0861.png,7,1
img_0862.png,7,1
img_0863.png,7,1
img_0864.png,7,1
img_0865.png,7,1
img_0866.png,7,1
img_0867.png,7,1
img_0868.png,7,1
img_0869.png,7,1
img_0870.png,7,1
img_0871.png,7,1
img_0872.png,7,1
img_0873.png,7,1
img_0874.png,7,1
img_0875.png,7,1
img_0876.png,7,1
img_0877.png,7,1
img_0878.png,7,1
img_0879.png,7,1
img_0880.png,7,1
img_0881.png,7,1
img_0882.png,7,1
img_0883.png,7,1
img_0884.png,7,1
img_0885.png,7,1
img_0886.png,7,1
img_0887.png,7,1
img_0888.png,7,1
img_0889.png,7,1
img_0890.png,7,1
img_0891.png,7,1
img_0892.png,5,1
img_0893.png,5,1
img_0894.png,5,1
img_0895.png,5,1
img_0896.png,5,1
img_0897.png,5,1
img_0898.png,5,1
img_0899.png,5,1
img_0900.png,5,1
img_0901.png,5,1
img_0902.png,5,1
img_0903.png,5,1
img_0904.png,5,1
img_0905.png,5,1
img_0906.png,5,1
img_0907.png,5,1
img_0908.png,5,1
img_0909.png,5,1
img_0910.png,5,1
img_0911.png,5,1
img_0912.png,5,1
img_0913.png,5,1
img_0914.png,5,1
img_0915.png,5,1
img_0916.png,5,1
img_0917.png,5,1
img_0918.png,5,1
img_0919.png,5,1
img_0920.png,5,1
img_0921.png,5,1
img_0922.png,5,1
img_0923.png,5,1
img_0924.png,5,1
img_0925.png,5,1
img_0926.png,5,1
img_0927.png,5,1
img_0928.png,5,1
img_0929.png,5,1
img_0930.png,5,1
img_0931.png,5,1
img_0932.png,5,1
img_0933.png,5,1
img_0934.png,5,1
img_0935.png,5,1
img_0936.png,5,1
img_0937.png,5,1
img_0938.png,5,1
img_0939.png,5,1
img_0940.png,5,1
img_0941.png,5,1
img_0942.png,5,1
img_0943.png,5,1
img_0944.png,5,1
img_0945.png,5,1
img_0946.png,5,1
img_0947.png,5,1
img_0948.png,5,1
img_0949.png,5,1
img_0950.png,5,1
img_0951.png,5,1
img_0952.png,5,1
img_0953.png,5,1
img_0954.png,5,1
img_0955.png,5,1
img_0956.png,5,1
img_0957.png,5,1
img_0958.png,5,1
img_0959.png,5,1
img_0960.png,5,1
img_0961.png,5,1
img_0962.png,5,1
img_0963.png,5,1
img_0964.png,5,1
img_0965.png,5,1
img_0966.png,5,1
img_0967.png,5,1
img_0968.png,5,1
img_0969.png,5,1
img_0970.png,5,1
img_0971.png,5,1
img_0972.png,5,1
img_0973.png,5,1
img_0974.png,5,1
img_0975.png,5,1
img_0976.png,5,1
img_0977.png,5,1
img_0978.png,5,1
img_0979.png,5,1
img_0980.png,5,1
img_0981.png,5,1
img_0982.png,5,1
img_0983.png,5,1
img_0984.png,5,1
img_0985.png,5,1
img_0986.png,5,1
img_0987.png,5,1
img_0988.png,5,1
img_0989.png,5,1
img_0990.png,5,1
img_0991.png,5,1
img_0992.png,5,1
img_0993.png,5,1
img_0994.png,5,1
img_0995.png,5,1
img_0996.png,5,1
img_0997.png,5,1
img_0998.png,5,1
img_0999.png,5,1
img_1000.png,5,1
img_1001.png,5,1
img_1002.png,5,1
img_1003.png,5,1
img_1004.png,5,1
img_1005.png,5,1
img_1006.png,5,1
img_1007.png,5,1
img_1008.png,5,1
img_1009.png,5,1
img_1010.png,5,1
img_1011.png,0,1
img_1012.png,0,1
img_1013.png,0,1
img_1014.png,0,1
img_1015.png,0,1
img_1016.png,0,1
img_1017.png,0,1
img_1018.png,0,1
img_1019.png,0,1
img_1020.png,0,1
img_1021.png,0,1
img_1022.png,0,1
img_1023.png,0,1
img_1024.png,0,1
img_1025.png,0,1
img_1026.png,0,1
img_1027.png,0,1
img_1028.png,0,1
img_1029.png,0,1
img_1030.png,0,1
img_1031.png,0,1
img_1032.png,0,1
img_1033.png,0,1
img_1034.png,0,1
img_1035.png,0,1
img_1036.png,0,1
img_1037.png,0,1
img_1038.png,0,1
img_1039.png,0,1
img_1040.png,0,1
img_1041.png,0,1
img_1042.png,0,1
img_1043.png,0,1
img_1044.png,0,1
img_1045.png,0,1
img_1046.png,0,1
img_1047.png,0,1
img_1048.png,0,1
img_1049.png,0,1
img_1050.png,0,1
img_1051.png,0,1
img_1052.png,0,1
img_1053.png,0,1
img_1054.png,0,1
img_1055.png,0,1
img_1056.png,0,1
img_1057.png,0,1
img_1058.png,0,1
img_1059.png,0,1
img_1060.png,0,1
img_1061.png,0,1
img_1062.png,0,1
img_1063.png,0,1
img_1064.png,0,1
img_1065.png,0,1
img_1066.png,0,1
img_1067.png,0,1
img_1068.png,0,1
img_1069.png,0,1
img_1070.png,0,1
img_1071.png,0,1
img_1072.png,0,1
img_1073.png,0,1
img_1074.png,0,1
img_1075.png,0,1
img_1076.png,0,1
img_1077.png,0,1
img_1078.png,0,1
img_1079.png,0,1
img_1080.png,0,1
img_1081.png,0,1
img_1082.png,0,1
img_1083.png,0,1
img_1084.png,0,1
img_1085.png,0,1
img_1086.png,0,1
img_1087.png,0,1
img_1088.png,0,1
img_1089.png,0,1
img_1090.png,0,1
img_1091.png,0,1
img_1092.png,0,1
img_1093.png,0,1
img_1094.png,0,1
img_1095.png,0,1
img_1096.png,0,1
img_1097.png,0,1
img_1098.png,0,1
img_1099.png,0,1
img_1100.png,0,1
img_1101.png,0,1
img_1102.png,0,1
img_1103.png,0,1
img_1104.png,0,1
img_1105.png,0,1
img_1106.png,0,1
img_1107.png,0,1
img_1108.png,0,1
img_1109.png,0,1
img_1110.png,0,1
img_1111.png,0,1
img_1112.png,0,1
img_1113.png,0,1
img_1114.png,0,1
img_1115.png,0,1
img_1116.png,0,1
img_1117.png,0,1
img_1118.png,0,1
img_1119.png,0,1
img_1120.png,0,1
img_1121.png,0,1
img_1122.png,0,1
img_1123.png,0,1
img_1124.png,0,1
img_1125.png,0,1
img_1126.png,0,1
img_1127.png,0,1
img_1128.png,0,1
img_1129.png,0,1
img_1130.png,0,1
img_1131.png,0,1
img_1132.png,0,1
img_1133.png,0,1
img_1134.png,0,1
img_1135.png,0,1
img_1136.png,0,1
img_1137.png,0,1
img_1138.png,0,1
img_1139.png,0,1
img_1140.png,0,1
img_1141.png,0,1
img_1142.png,0,1
img_1143.png,0,1
img_1144.png,0,1
img_1145.png,0,1
img_1146.png,0,1
img_1147.png,0,1
img_1148.png,1,1
img_1149.png,1,1
img_1150.png,1,1
img_1151.png,1,1
img_1152.png,1,1
img_1153.png,1,1
img_1154.png,1,1
img_1155.png,1,1
img_1156.png,1,1
img_1157.png,1,1
img_1158.png,1,1
img_1159.png,1,1
img_1160.png,1,1
img_1161.png,1,1
img_1162.png,1,1
img_1163.png,1,1
img_1164.png,1,1
img_1165.png,1,1
img_1166.png,1,1
img_1167.png,1,1
img_1168.png,1,1
img_1169.png,1,1
img_1170.png,1,1
img_1171.png,1,1
img_1172.png,1,1
img_1173.png,1,1
img_1174.png,1,1
img_1175.png,1,1
img_1176.png,1,1
img_1177.png,1,1
img_1178.png,1,1
img_1179.png,1,1
img_1180.png,1,1
img_1181.png,1,1
img_1182.png,1,1
img_1183.png,1,1
img_1184.png,1,1
img_1185.png,1,1
img_1186.png,1,1
img_1187.png,1,1
img_1188.png,1,1
img_1189.png,1,1
img_1190.png,1,1
img_1191.png,1,1
img_1192.png,1,1
img_1193.png,1,1
img_1194.png,1,1
img_1195.png,1,1
img_1196.png,1,1
img_1197.png,1,1
img_1198.png,1,1
img_1199.png,1,1
img_1200.png,1,1
img_1201.png,1,1
img_1202.png,7,1
img_1203.png,7,1
img_1204.png,7,1
img_1205.png,7,1
img_1206.png,7,1
img_1207.png,7,1
img_1208.png,7,1
img_1209.png,7,1
img_1210.png,7,1
img_1211.png,7,1
img_1212.png,7,1
img_1213.png,7,1
img_1214.png,7,1
img_1215.png,7,1
img_1216.png,7,1
img_1217.png,7,1
img_1218.png,7,1
img_1219.png,7,1
img_1220.png,7,1
img_1221.png,7,1
img_1222.png,7,1
img_1223.png,7,1
img_1224.png,7,1
img_1225.png,7,1
img_1226.png,7,1
img_1227.png,7,1
img_1228.png,7,1
img_1229.png,7,1
img_1230.png,7,1
img_1231.png,7,1
img_1232.png,7,1
img_1233.png,7,1
img_1234.png,7,1
img_1235.png,7,1
img_1236.png,7,1
img_1237.png,7,1
img_1238.png,7,1
img_1239.png,7,1
img_1240.png,7,1
img_1241.png,7,1
img_1242.png,7,1
img_1243.png,7,1
img_1244.png,7,1
img_1245.png,7,1
img_1246.png,7,1
img_1247.png,7,1
img_1248.png,7,1
img_1249.png,7,1
img_1250.png,7,1
img_1251.png,7,1
img_1252.png,5,1
img_1253.png,5,1
img_1254.png,5,1
img_1255.png,5,1
img_1256.png,5,1
img_1257.png,5,1
img_1258.png,5,1
img_1259.png,5,1
img_1260.png,5,1
img_1261.png,5,1
img_1262.png,5,1
img_1263.png,5,1
img_1264.png,5,1
img_1265.png,5,1
img_1266.png,5,1
img_1267.png,5,1
img_1268.png,5,1
img_1269.png,5,1
img_1270.png,5,1
img_1271.png,5,1
img_1272.png,5,1
img_1273.png,5,1
img_1274.png,5,1
img_1275.png,5,1
img_1276.png,5,1
img_1277.png,5,1
img_1278.png,5,1
img_1279.png,5,1
img_1280.png,5,1
img_1281.png,5,1
img_1282.png,5,1
img_1283.png,5,1
img_1284.png,5,1
img_1285.png,5,1
img_1286.png,5,1
img_1287.png,5,1
img_1288.png,5,1
img_1289.png,5,1
img_1290.png,5,1
img_1291.png,5,1
img_1292.png,5,1
img_1293.png,5,1
img_1294.png,5,1
img_1295.png,5,1
img_1296.png,5,1
img_1297.png,5,1
img_1298.png,5,1
img_1299.png,5,1
img_1300.png,5,1
img_1301.png,5,1
img_1302.png,5,1
img_1303.png,5,1
img_1304.png,5,1
img_1305.png,5,1
img_1306.png,5,1
img_1307.png,5,1
img_1308.png,5,1
img_1309.png,5,1
img_1310.png,5,1
img_1311.png,5,1
img_1312.png,5,1
img_1313.png,5,1
img_1314.png,5,1
img_1315.png,5,1
img_1316.png,5,1
img_1317.png,5,1
img_1318.png,5,1
img_1319.png,5,1
img_1320.png,5,1
img_1321.png,5,1
img_1322.png,5,1
img_1323.png,5,1
img_1324.png,5,1
img_1325.png,5,1
img_1326.png,5,1
img_1327.png,5,1
img_1328.png,5,1
img_1329.png,5,1
img_1330.png,5,1
img_1331.png,5,1
img_1332.png,5,1
img_1333.png,5,1
img_1334.png,5,1
img_1335.png,5,1
img_1336.png,5,1
img_1337.png,5,1
img_1338.png,5,1
img_1339.png,5,1
img_1340.png,5,1
img_1341.png,5,1
img_1342.png,5,1
img_1343.png,5,1
img_1344.png,5,1
img_1345.png,5,1
img_1346.png,5,1
img_1347.png,5,1
img_1348.png,5,1
img_1349.png,5,1
